Circuit Name,Qubit Num,Gate Num,method,roting_ok,cx_ideal,cx_constrained,cx_added,depth_ideal,depth_constrained,seed,layout_time_s,transpile_time_s,size
decod24-v2_43,4,52,basic,1,22,22,0,30,30,1234,0.004796,0.002944,52
decod24-v2_43,4,52,lookahead,1,22,22,0,30,30,1234,0.004796,0.002598,52
decod24-v2_43,4,52,stochastic,1,22,22,0,30,30,1234,0.004796,0.002591,52
decod24-v2_43,4,52,sabre,1,22,22,0,30,30,1234,0.004796,0.002813,52
decod24-v2_43,4,52,basic,1,22,22,0,30,30,1235,0.001686,0.002620,52
decod24-v2_43,4,52,lookahead,1,22,22,0,30,30,1235,0.001686,0.002481,52
decod24-v2_43,4,52,stochastic,1,22,22,0,30,30,1235,0.001686,0.002457,52
decod24-v2_43,4,52,sabre,1,22,22,0,30,30,1235,0.001686,0.002747,52
decod24-v2_43,4,52,basic,1,22,22,0,30,30,1236,0.001711,0.002463,52
decod24-v2_43,4,52,lookahead,1,22,22,0,30,30,1236,0.001711,0.002564,52
decod24-v2_43,4,52,stochastic,1,22,22,0,30,30,1236,0.001711,0.002452,52
decod24-v2_43,4,52,sabre,1,22,22,0,30,30,1236,0.001711,0.002729,52
decod24-v2_43,4,52,basic,1,22,22,0,30,30,1237,0.001597,0.002496,52
decod24-v2_43,4,52,lookahead,1,22,22,0,30,30,1237,0.001597,0.002453,52
decod24-v2_43,4,52,stochastic,1,22,22,0,30,30,1237,0.001597,0.002441,52
decod24-v2_43,4,52,sabre,1,22,22,0,30,30,1237,0.001597,0.002589,52
decod24-v2_43,4,52,basic,1,22,31,9,30,39,1238,0.001670,0.011260,61
decod24-v2_43,4,52,lookahead,1,22,37,15,30,41,1238,0.001670,0.012487,67
decod24-v2_43,4,52,stochastic,1,22,37,15,30,39,1238,0.001670,0.011144,67
decod24-v2_43,4,52,sabre,1,22,31,9,30,41,1238,0.001670,0.003499,61
decod24-v2_43,4,52,basic,1,22,22,0,30,30,1239,0.001561,0.002444,52
decod24-v2_43,4,52,lookahead,1,22,22,0,30,30,1239,0.001561,0.002470,52
decod24-v2_43,4,52,stochastic,1,22,22,0,30,30,1239,0.001561,0.002378,52
decod24-v2_43,4,52,sabre,1,22,22,0,30,30,1239,0.001561,0.002538,52
decod24-v2_43,4,52,basic,1,22,31,9,30,39,1240,0.001581,0.010834,61
decod24-v2_43,4,52,lookahead,1,22,37,15,30,40,1240,0.001581,0.013022,67
decod24-v2_43,4,52,stochastic,1,22,34,12,30,39,1240,0.001581,0.011099,64
decod24-v2_43,4,52,sabre,1,22,31,9,30,41,1240,0.001581,0.003509,61
decod24-v2_43,4,52,basic,1,22,31,9,30,40,1241,0.001688,0.010885,61
decod24-v2_43,4,52,lookahead,1,22,37,15,30,43,1241,0.001688,0.012200,67
decod24-v2_43,4,52,stochastic,1,22,34,12,30,39,1241,0.001688,0.011262,64
decod24-v2_43,4,52,sabre,1,22,31,9,30,41,1241,0.001688,0.003616,61
decod24-v2_43,4,52,basic,1,22,22,0,30,30,1242,0.001570,0.002462,52
decod24-v2_43,4,52,lookahead,1,22,22,0,30,30,1242,0.001570,0.002409,52
decod24-v2_43,4,52,stochastic,1,22,22,0,30,30,1242,0.001570,0.002422,52
decod24-v2_43,4,52,sabre,1,22,22,0,30,30,1242,0.001570,0.002483,52
decod24-v2_43,4,52,basic,1,22,31,9,30,39,1243,0.001602,0.010834,61
decod24-v2_43,4,52,lookahead,1,22,34,12,30,41,1243,0.001602,0.011460,64
decod24-v2_43,4,52,stochastic,1,22,37,15,30,45,1243,0.001602,0.010990,67
decod24-v2_43,4,52,sabre,1,22,31,9,30,40,1243,0.001602,0.003406,61
4gt13_92,5,66,basic,1,30,30,0,38,38,1234,0.001972,0.002545,66
4gt13_92,5,66,lookahead,1,30,30,0,38,38,1234,0.001972,0.002599,66
4gt13_92,5,66,stochastic,1,30,30,0,38,38,1234,0.001972,0.002568,66
4gt13_92,5,66,sabre,1,30,30,0,38,38,1234,0.001972,0.021131,66
4gt13_92,5,66,basic,1,30,30,0,38,38,1235,0.001951,0.002731,66
4gt13_92,5,66,lookahead,1,30,30,0,38,38,1235,0.001951,0.002555,66
4gt13_92,5,66,stochastic,1,30,30,0,38,38,1235,0.001951,0.002468,66
4gt13_92,5,66,sabre,1,30,30,0,38,38,1235,0.001951,0.002742,66
4gt13_92,5,66,basic,1,30,30,0,38,38,1236,0.001929,0.002639,66
4gt13_92,5,66,lookahead,1,30,30,0,38,38,1236,0.001929,0.002592,66
4gt13_92,5,66,stochastic,1,30,30,0,38,38,1236,0.001929,0.002486,66
4gt13_92,5,66,sabre,1,30,30,0,38,38,1236,0.001929,0.002591,66
4gt13_92,5,66,basic,1,30,30,0,38,38,1237,0.001864,0.002593,66
4gt13_92,5,66,lookahead,1,30,30,0,38,38,1237,0.001864,0.002516,66
4gt13_92,5,66,stochastic,1,30,30,0,38,38,1237,0.001864,0.002496,66
4gt13_92,5,66,sabre,1,30,30,0,38,38,1237,0.001864,0.002728,66
4gt13_92,5,66,basic,1,30,30,0,38,38,1238,0.001856,0.002571,66
4gt13_92,5,66,lookahead,1,30,30,0,38,38,1238,0.001856,0.002583,66
4gt13_92,5,66,stochastic,1,30,30,0,38,38,1238,0.001856,0.002479,66
4gt13_92,5,66,sabre,1,30,30,0,38,38,1238,0.001856,0.002663,66
4gt13_92,5,66,basic,1,30,30,0,38,38,1239,0.002041,0.002575,66
4gt13_92,5,66,lookahead,1,30,30,0,38,38,1239,0.002041,0.002553,66
4gt13_92,5,66,stochastic,1,30,30,0,38,38,1239,0.002041,0.002470,66
4gt13_92,5,66,sabre,1,30,30,0,38,38,1239,0.002041,0.002768,66
4gt13_92,5,66,basic,1,30,30,0,38,38,1240,0.001879,0.002586,66
4gt13_92,5,66,lookahead,1,30,30,0,38,38,1240,0.001879,0.002549,66
4gt13_92,5,66,stochastic,1,30,30,0,38,38,1240,0.001879,0.002494,66
4gt13_92,5,66,sabre,1,30,30,0,38,38,1240,0.001879,0.002688,66
4gt13_92,5,66,basic,1,30,54,24,38,59,1241,0.001926,0.013602,90
4gt13_92,5,66,lookahead,1,30,63,33,38,58,1241,0.001926,0.023122,99
4gt13_92,5,66,stochastic,1,30,69,39,38,66,1241,0.001926,0.014526,105
4gt13_92,5,66,sabre,1,30,51,21,38,61,1241,0.001926,0.003766,87
4gt13_92,5,66,basic,1,30,30,0,38,38,1242,0.001953,0.002598,66
4gt13_92,5,66,lookahead,1,30,30,0,38,38,1242,0.001953,0.002527,66
4gt13_92,5,66,stochastic,1,30,30,0,38,38,1242,0.001953,0.002530,66
4gt13_92,5,66,sabre,1,30,30,0,38,38,1242,0.001953,0.002634,66
4gt13_92,5,66,basic,1,30,57,27,38,66,1243,0.002019,0.013641,93
4gt13_92,5,66,lookahead,1,30,63,33,38,58,1243,0.002019,0.022358,99
4gt13_92,5,66,stochastic,1,30,87,57,38,71,1243,0.002019,0.014770,123
4gt13_92,5,66,sabre,1,30,51,21,38,62,1243,0.002019,0.003763,87
4mod5-v1_22,5,21,basic,1,11,11,0,12,12,1234,0.001104,0.001942,21
4mod5-v1_22,5,21,lookahead,1,11,11,0,12,12,1234,0.001104,0.001906,21
4mod5-v1_22,5,21,stochastic,1,11,11,0,12,12,1234,0.001104,0.001822,21
4mod5-v1_22,5,21,sabre,1,11,11,0,12,12,1234,0.001104,0.001991,21
4mod5-v1_22,5,21,basic,1,11,11,0,12,12,1235,0.001026,0.001944,21
4mod5-v1_22,5,21,lookahead,1,11,11,0,12,12,1235,0.001026,0.001884,21
4mod5-v1_22,5,21,stochastic,1,11,11,0,12,12,1235,0.001026,0.001845,21
4mod5-v1_22,5,21,sabre,1,11,11,0,12,12,1235,0.001026,0.002066,21
4mod5-v1_22,5,21,basic,1,11,11,0,12,12,1236,0.000962,0.001854,21
4mod5-v1_22,5,21,lookahead,1,11,11,0,12,12,1236,0.000962,0.001930,21
4mod5-v1_22,5,21,stochastic,1,11,11,0,12,12,1236,0.000962,0.001822,21
4mod5-v1_22,5,21,sabre,1,11,11,0,12,12,1236,0.000962,0.001956,21
4mod5-v1_22,5,21,basic,1,11,11,0,12,12,1237,0.000945,0.001912,21
4mod5-v1_22,5,21,lookahead,1,11,11,0,12,12,1237,0.000945,0.001860,21
4mod5-v1_22,5,21,stochastic,1,11,11,0,12,12,1237,0.000945,0.001831,21
4mod5-v1_22,5,21,sabre,1,11,11,0,12,12,1237,0.000945,0.002019,21
4mod5-v1_22,5,21,basic,1,11,11,0,12,12,1238,0.001080,0.002125,21
4mod5-v1_22,5,21,lookahead,1,11,11,0,12,12,1238,0.001080,0.001908,21
4mod5-v1_22,5,21,stochastic,1,11,11,0,12,12,1238,0.001080,0.001790,21
4mod5-v1_22,5,21,sabre,1,11,11,0,12,12,1238,0.001080,0.001918,21
4mod5-v1_22,5,21,basic,1,11,11,0,12,12,1239,0.000987,0.001884,21
4mod5-v1_22,5,21,lookahead,1,11,11,0,12,12,1239,0.000987,0.001911,21
4mod5-v1_22,5,21,stochastic,1,11,11,0,12,12,1239,0.000987,0.001841,21
4mod5-v1_22,5,21,sabre,1,11,11,0,12,12,1239,0.000987,0.001920,21
4mod5-v1_22,5,21,basic,1,11,11,0,12,12,1240,0.000981,0.001856,21
4mod5-v1_22,5,21,lookahead,1,11,11,0,12,12,1240,0.000981,0.001881,21
4mod5-v1_22,5,21,stochastic,1,11,11,0,12,12,1240,0.000981,0.001821,21
4mod5-v1_22,5,21,sabre,1,11,11,0,12,12,1240,0.000981,0.002015,21
4mod5-v1_22,5,21,basic,1,11,11,0,12,12,1241,0.000951,0.002148,21
4mod5-v1_22,5,21,lookahead,1,11,11,0,12,12,1241,0.000951,0.001901,21
4mod5-v1_22,5,21,stochastic,1,11,11,0,12,12,1241,0.000951,0.001800,21
4mod5-v1_22,5,21,sabre,1,11,11,0,12,12,1241,0.000951,0.001920,21
4mod5-v1_22,5,21,basic,1,11,11,0,12,12,1242,0.000989,0.001888,21
4mod5-v1_22,5,21,lookahead,1,11,11,0,12,12,1242,0.000989,0.001948,21
4mod5-v1_22,5,21,stochastic,1,11,11,0,12,12,1242,0.000989,0.001857,21
4mod5-v1_22,5,21,sabre,1,11,11,0,12,12,1242,0.000989,0.001874,21
4mod5-v1_22,5,21,basic,1,11,11,0,12,12,1243,0.000994,0.001852,21
4mod5-v1_22,5,21,lookahead,1,11,11,0,12,12,1243,0.000994,0.001937,21
4mod5-v1_22,5,21,stochastic,1,11,11,0,12,12,1243,0.000994,0.001866,21
4mod5-v1_22,5,21,sabre,1,11,11,0,12,12,1243,0.000994,0.002005,21
alu-v0_27,5,36,basic,1,17,32,15,21,32,1234,0.001748,0.008513,51
alu-v0_27,5,36,lookahead,1,17,32,15,21,31,1234,0.001748,0.009724,51
alu-v0_27,5,36,stochastic,1,17,26,9,21,29,1234,0.001748,0.008462,45
alu-v0_27,5,36,sabre,1,17,26,9,21,31,1234,0.001748,0.003274,45
alu-v0_27,5,36,basic,1,17,20,3,21,24,1235,0.001352,0.008117,39
alu-v0_27,5,36,lookahead,1,17,20,3,21,24,1235,0.001352,0.026352,39
alu-v0_27,5,36,stochastic,1,17,32,15,21,33,1235,0.001352,0.009054,51
alu-v0_27,5,36,sabre,1,17,20,3,21,24,1235,0.001352,0.003014,39
alu-v0_27,5,36,basic,1,17,20,3,21,24,1236,0.001382,0.008129,39
alu-v0_27,5,36,lookahead,1,17,20,3,21,24,1236,0.001382,0.008596,39
alu-v0_27,5,36,stochastic,1,17,38,21,21,33,1236,0.001382,0.008494,57
alu-v0_27,5,36,sabre,1,17,20,3,21,24,1236,0.001382,0.003082,39
alu-v0_27,5,36,basic,1,17,20,3,21,26,1237,0.001265,0.008083,39
alu-v0_27,5,36,lookahead,1,17,20,3,21,26,1237,0.001265,0.008852,39
alu-v0_27,5,36,stochastic,1,17,38,21,21,38,1237,0.001265,0.009077,57
alu-v0_27,5,36,sabre,1,17,20,3,21,26,1237,0.001265,0.003018,39
alu-v0_27,5,36,basic,1,17,20,3,21,24,1238,0.001370,0.008023,39
alu-v0_27,5,36,lookahead,1,17,32,15,21,29,1238,0.001370,0.010056,51
alu-v0_27,5,36,stochastic,1,17,29,12,21,30,1238,0.001370,0.008756,48
alu-v0_27,5,36,sabre,1,17,20,3,21,24,1238,0.001370,0.003036,39
alu-v0_27,5,36,basic,1,17,20,3,21,26,1239,0.001312,0.008044,39
alu-v0_27,5,36,lookahead,1,17,20,3,21,26,1239,0.001312,0.009146,39
alu-v0_27,5,36,stochastic,1,17,44,27,21,39,1239,0.001312,0.008796,63
alu-v0_27,5,36,sabre,1,17,20,3,21,26,1239,0.001312,0.003115,39
alu-v0_27,5,36,basic,1,17,35,18,21,36,1240,0.001350,0.008688,54
alu-v0_27,5,36,lookahead,1,17,20,3,21,26,1240,0.001350,0.008736,39
alu-v0_27,5,36,stochastic,1,17,65,48,21,45,1240,0.001350,0.009650,84
alu-v0_27,5,36,sabre,1,17,20,3,21,26,1240,0.001350,0.003078,39
alu-v0_27,5,36,basic,1,17,44,27,21,46,1241,0.001395,0.008941,63
alu-v0_27,5,36,lookahead,1,17,38,21,21,39,1241,0.001395,0.012421,57
alu-v0_27,5,36,stochastic,1,17,47,30,21,42,1241,0.001395,0.028981,66
alu-v0_27,5,36,sabre,1,17,26,9,21,30,1241,0.001395,0.003368,45
alu-v0_27,5,36,basic,1,17,44,27,21,45,1242,0.001468,0.009095,63
alu-v0_27,5,36,lookahead,1,17,20,3,21,24,1242,0.001468,0.009125,39
alu-v0_27,5,36,stochastic,1,17,41,24,21,39,1242,0.001468,0.008898,60
alu-v0_27,5,36,sabre,1,17,20,3,21,24,1242,0.001468,0.003299,39
alu-v0_27,5,36,basic,1,17,50,33,21,53,1243,0.001287,0.009289,69
alu-v0_27,5,36,lookahead,1,17,20,3,21,26,1243,0.001287,0.008758,39
alu-v0_27,5,36,stochastic,1,17,62,45,21,50,1243,0.001287,0.009652,81
alu-v0_27,5,36,sabre,1,17,20,3,21,26,1243,0.001287,0.003106,39
sym6_145,7,3888,basic,1,1701,3708,2007,2187,4148,1234,0.069813,0.712924,5895
sym6_145,7,3888,lookahead,-1,1701,-1,-1,2187,-1,1234,0.069813,-1.000000,-1
sym6_145,7,3888,stochastic,1,1701,5118,3417,2187,4451,1234,0.069813,0.879517,7305
sym6_145,7,3888,sabre,1,1701,3858,2157,2187,4400,1234,0.069813,0.116776,6045
sym6_145,7,3888,basic,1,1701,3879,2178,2187,4406,1235,0.069323,0.719451,6066
sym6_145,7,3888,lookahead,-1,1701,-1,-1,2187,-1,1235,0.069323,-1.000000,-1
sym6_145,7,3888,stochastic,1,1701,5601,3900,2187,4731,1235,0.069323,0.899962,7788
sym6_145,7,3888,sabre,1,1701,3984,2283,2187,4572,1235,0.069323,0.119845,6171
sym6_145,7,3888,basic,1,1701,4182,2481,2187,4569,1236,0.074063,0.733499,6369
sym6_145,7,3888,lookahead,-1,1701,-1,-1,2187,-1,1236,0.074063,-1.000000,-1
sym6_145,7,3888,stochastic,1,1701,5313,3612,2187,4566,1236,0.074063,0.904424,7500
sym6_145,7,3888,sabre,1,1701,4137,2436,2187,4656,1236,0.074063,0.098406,6324
sym6_145,7,3888,basic,1,1701,3450,1749,2187,3929,1237,0.090418,0.684311,5637
sym6_145,7,3888,lookahead,-1,1701,-1,-1,2187,-1,1237,0.090418,-1.000000,-1
sym6_145,7,3888,stochastic,1,1701,5124,3423,2187,4379,1237,0.090418,0.964156,7311
sym6_145,7,3888,sabre,1,1701,3885,2184,2187,4530,1237,0.090418,0.096143,6072
sym6_145,7,3888,basic,1,1701,3318,1617,2187,3901,1238,0.066175,0.675794,5505
sym6_145,7,3888,lookahead,-1,1701,-1,-1,2187,-1,1238,0.066175,-1.000000,-1
sym6_145,7,3888,stochastic,1,1701,4683,2982,2187,4115,1238,0.066175,0.928507,6870
sym6_145,7,3888,sabre,1,1701,4299,2598,2187,4852,1238,0.066175,0.099736,6486
sym6_145,7,3888,basic,1,1701,3351,1650,2187,3895,1239,0.069817,0.699902,5538
sym6_145,7,3888,lookahead,-1,1701,-1,-1,2187,-1,1239,0.069817,-1.000000,-1
sym6_145,7,3888,stochastic,1,1701,5586,3885,2187,4723,1239,0.069817,0.955804,7773
sym6_145,7,3888,sabre,1,1701,3888,2187,2187,4567,1239,0.069817,0.095990,6075
sym6_145,7,3888,basic,1,1701,3636,1935,2187,4064,1240,0.069947,0.692501,5823
sym6_145,7,3888,lookahead,-1,1701,-1,-1,2187,-1,1240,0.069947,-1.000000,-1
sym6_145,7,3888,stochastic,1,1701,5436,3735,2187,4651,1240,0.069947,0.965544,7623
sym6_145,7,3888,sabre,1,1701,3942,2241,2187,4529,1240,0.069947,0.097107,6129
sym6_145,7,3888,basic,1,1701,3402,1701,2187,4108,1241,0.071248,0.699821,5589
sym6_145,7,3888,lookahead,-1,1701,-1,-1,2187,-1,1241,0.071248,-1.000000,-1
sym6_145,7,3888,stochastic,1,1701,5061,3360,2187,4544,1241,0.071248,0.888079,7248
sym6_145,7,3888,sabre,1,1701,4344,2643,2187,5150,1241,0.071248,0.121129,6531
sym6_145,7,3888,basic,1,1701,3636,1935,2187,4064,1242,0.069796,0.689205,5823
sym6_145,7,3888,lookahead,-1,1701,-1,-1,2187,-1,1242,0.069796,-1.000000,-1
sym6_145,7,3888,stochastic,1,1701,5181,3480,2187,4458,1242,0.069796,0.955436,7368
sym6_145,7,3888,sabre,1,1701,3942,2241,2187,4562,1242,0.069796,0.096142,6129
sym6_145,7,3888,basic,1,1701,3879,2178,2187,4461,1243,0.071754,0.701176,6066
sym6_145,7,3888,lookahead,-1,1701,-1,-1,2187,-1,1243,0.071754,-1.000000,-1
sym6_145,7,3888,stochastic,1,1701,5193,3492,2187,4511,1243,0.071754,0.898168,7380
sym6_145,7,3888,sabre,1,1701,3789,2088,2187,4426,1243,0.071754,0.095079,5976
qft_10,10,200,basic,1,90,219,129,63,189,1234,0.003921,0.041444,329
qft_10,10,200,lookahead,1,90,150,60,63,139,1234,0.003921,0.097106,260
qft_10,10,200,stochastic,1,90,297,207,63,146,1234,0.003921,0.030634,407
qft_10,10,200,sabre,1,90,144,54,63,135,1234,0.003921,0.009199,254
qft_10,10,200,basic,1,90,273,183,63,236,1235,0.004448,0.042614,383
qft_10,10,200,lookahead,1,90,189,99,63,169,1235,0.004448,0.129513,299
qft_10,10,200,stochastic,1,90,339,249,63,174,1235,0.004448,0.031243,449
qft_10,10,200,sabre,1,90,144,54,63,156,1235,0.004448,0.009079,254
qft_10,10,200,basic,1,90,237,147,63,161,1236,0.004428,0.059089,347
qft_10,10,200,lookahead,1,90,165,75,63,181,1236,0.004428,0.099781,275
qft_10,10,200,stochastic,1,90,276,186,63,136,1236,0.004428,0.029868,386
qft_10,10,200,sabre,1,90,150,60,63,146,1236,0.004428,0.009140,260
qft_10,10,200,basic,1,90,252,162,63,220,1237,0.004332,0.041253,362
qft_10,10,200,lookahead,1,90,165,75,63,155,1237,0.004332,0.117462,275
qft_10,10,200,stochastic,1,90,318,228,63,151,1237,0.004332,0.030657,428
qft_10,10,200,sabre,1,90,159,69,63,164,1237,0.004332,0.009324,269
qft_10,10,200,basic,1,90,216,126,63,243,1238,0.004032,0.040710,326
qft_10,10,200,lookahead,1,90,192,102,63,182,1238,0.004032,0.237647,302
qft_10,10,200,stochastic,1,90,375,285,63,227,1238,0.004032,0.033869,485
qft_10,10,200,sabre,1,90,156,66,63,200,1238,0.004032,0.009391,266
qft_10,10,200,basic,1,90,252,162,63,210,1239,0.003950,0.041104,362
qft_10,10,200,lookahead,1,90,153,63,63,146,1239,0.003950,0.095551,263
qft_10,10,200,stochastic,1,90,273,183,63,146,1239,0.003950,0.030324,383
qft_10,10,200,sabre,1,90,168,78,63,177,1239,0.003950,0.009481,278
qft_10,10,200,basic,1,90,228,138,63,222,1240,0.003784,0.041108,338
qft_10,10,200,lookahead,1,90,180,90,63,183,1240,0.003784,0.165613,290
qft_10,10,200,stochastic,1,90,342,252,63,202,1240,0.003784,0.032420,452
qft_10,10,200,sabre,1,90,150,60,63,204,1240,0.003784,0.009184,260
qft_10,10,200,basic,1,90,219,129,63,164,1241,0.004078,0.040360,329
qft_10,10,200,lookahead,1,90,153,63,63,147,1241,0.004078,0.087652,263
qft_10,10,200,stochastic,1,90,309,219,63,157,1241,0.004078,0.030510,419
qft_10,10,200,sabre,1,90,147,57,63,146,1241,0.004078,0.009235,257
qft_10,10,200,basic,1,90,204,114,63,185,1242,0.004066,0.039926,314
qft_10,10,200,lookahead,1,90,165,75,63,160,1242,0.004066,0.123314,275
qft_10,10,200,stochastic,1,90,279,189,63,141,1242,0.004066,0.030017,389
qft_10,10,200,sabre,1,90,135,45,63,143,1242,0.004066,0.009095,245
qft_10,10,200,basic,1,90,240,150,63,197,1243,0.004181,0.040893,350
qft_10,10,200,lookahead,1,90,234,144,63,209,1243,0.004181,0.324030,344
qft_10,10,200,stochastic,1,90,354,264,63,175,1243,0.004181,0.032444,464
qft_10,10,200,sabre,1,90,165,75,63,154,1243,0.004181,0.009419,275
z4_268,11,3073,basic,1,1343,3254,1911,1644,3408,1234,0.057876,0.556636,4984
z4_268,11,3073,lookahead,-1,1343,-1,-1,1644,-1,1234,0.057876,-1.000000,-1
z4_268,11,3073,stochastic,1,1343,4310,2967,1644,3412,1234,0.057876,0.699712,6040
z4_268,11,3073,sabre,1,1343,3407,2064,1644,3665,1234,0.057876,0.080144,5137
z4_268,11,3073,basic,1,1343,3116,1773,1644,3358,1235,0.056792,0.564043,4846
z4_268,11,3073,lookahead,-1,1343,-1,-1,1644,-1,1235,0.056792,-1.000000,-1
z4_268,11,3073,stochastic,1,1343,4346,3003,1644,3509,1235,0.056792,0.697629,6076
z4_268,11,3073,sabre,1,1343,3365,2022,1644,3532,1235,0.056792,0.079780,5095
z4_268,11,3073,basic,1,1343,3389,2046,1644,3612,1236,0.078784,0.567281,5119
z4_268,11,3073,lookahead,-1,1343,-1,-1,1644,-1,1236,0.078784,-1.000000,-1
z4_268,11,3073,stochastic,1,1343,4289,2946,1644,3428,1236,0.078784,0.774935,6019
z4_268,11,3073,sabre,1,1343,3389,2046,1644,3569,1236,0.078784,0.084306,5119
z4_268,11,3073,basic,1,1343,2945,1602,1644,3219,1237,0.067463,0.579034,4675
z4_268,11,3073,lookahead,-1,1343,-1,-1,1644,-1,1237,0.067463,-1.000000,-1
z4_268,11,3073,stochastic,1,1343,4625,3282,1644,3636,1237,0.067463,0.707640,6355
z4_268,11,3073,sabre,1,1343,3383,2040,1644,3606,1237,0.067463,0.080031,5113
z4_268,11,3073,basic,1,1343,3101,1758,1644,3318,1238,0.058505,0.551809,4831
z4_268,11,3073,lookahead,-1,1343,-1,-1,1644,-1,1238,0.058505,-1.000000,-1
z4_268,11,3073,stochastic,1,1343,4250,2907,1644,3517,1238,0.058505,0.708666,5980
z4_268,11,3073,sabre,1,1343,3341,1998,1644,3579,1238,0.058505,0.079407,5071
z4_268,11,3073,basic,1,1343,3116,1773,1644,3294,1239,0.059649,0.557212,4846
z4_268,11,3073,lookahead,-1,1343,-1,-1,1644,-1,1239,0.059649,-1.000000,-1
z4_268,11,3073,stochastic,1,1343,4313,2970,1644,3440,1239,0.059649,0.652170,6043
z4_268,11,3073,sabre,1,1343,3365,2022,1644,3597,1239,0.059649,0.100040,5095
z4_268,11,3073,basic,1,1343,2984,1641,1644,3246,1240,0.059903,0.548441,4714
z4_268,11,3073,lookahead,-1,1343,-1,-1,1644,-1,1240,0.059903,-1.000000,-1
z4_268,11,3073,stochastic,1,1343,4385,3042,1644,3531,1240,0.059903,0.734509,6115
z4_268,11,3073,sabre,1,1343,3455,2112,1644,3727,1240,0.059903,0.081050,5185
z4_268,11,3073,basic,1,1343,3299,1956,1644,3533,1241,0.061761,0.560292,5029
z4_268,11,3073,lookahead,-1,1343,-1,-1,1644,-1,1241,0.061761,-1.000000,-1
z4_268,11,3073,stochastic,1,1343,4433,3090,1644,3499,1241,0.061761,0.726904,6163
z4_268,11,3073,sabre,1,1343,3347,2004,1644,3599,1241,0.061761,0.079279,5077
z4_268,11,3073,basic,1,1343,3368,2025,1644,3679,1242,0.058632,0.638789,5098
z4_268,11,3073,lookahead,-1,1343,-1,-1,1644,-1,1242,0.058632,-1.000000,-1
z4_268,11,3073,stochastic,1,1343,4196,2853,1644,3377,1242,0.058632,0.689495,5926
z4_268,11,3073,sabre,1,1343,3470,2127,1644,3624,1242,0.058632,0.080464,5200
z4_268,11,3073,basic,1,1343,3212,1869,1644,3428,1243,0.078140,0.557572,4942
z4_268,11,3073,lookahead,-1,1343,-1,-1,1644,-1,1243,0.078140,-1.000000,-1
z4_268,11,3073,stochastic,1,1343,4397,3054,1644,3454,1243,0.078140,0.718860,6127
z4_268,11,3073,sabre,1,1343,3389,2046,1644,3613,1243,0.078140,0.079648,5119
cycle10_2_110,12,6050,basic,1,2648,6302,3654,3386,6826,1234,0.137136,1.096874,9704
cycle10_2_110,12,6050,lookahead,-1,2648,-1,-1,3386,-1,1234,0.137136,-1.000000,-1
cycle10_2_110,12,6050,stochastic,1,2648,8639,5991,3386,7274,1234,0.137136,1.454681,12041
cycle10_2_110,12,6050,sabre,1,2648,6869,4221,3386,7382,1234,0.137136,0.179078,10271
cycle10_2_110,12,6050,basic,1,2648,6266,3618,3386,6714,1235,0.116523,1.116422,9668
cycle10_2_110,12,6050,lookahead,-1,2648,-1,-1,3386,-1,1235,0.116523,-1.000000,-1
cycle10_2_110,12,6050,stochastic,1,2648,8663,6015,3386,7148,1235,0.116523,1.488601,12065
cycle10_2_110,12,6050,sabre,1,2648,7130,4482,3386,7722,1235,0.116523,0.159178,10532
cycle10_2_110,12,6050,basic,1,2648,6401,3753,3386,6990,1236,0.116082,1.095479,9803
cycle10_2_110,12,6050,lookahead,-1,2648,-1,-1,3386,-1,1236,0.116082,-1.000000,-1
cycle10_2_110,12,6050,stochastic,1,2648,8807,6159,3386,7283,1236,0.116082,1.460972,12209
cycle10_2_110,12,6050,sabre,1,2648,6824,4176,3386,7413,1236,0.116082,0.179345,10226
cycle10_2_110,12,6050,basic,1,2648,6407,3759,3386,7044,1237,0.114275,1.125445,9809
cycle10_2_110,12,6050,lookahead,-1,2648,-1,-1,3386,-1,1237,0.114275,-1.000000,-1
cycle10_2_110,12,6050,stochastic,1,2648,8744,6096,3386,7179,1237,0.114275,1.464251,12146
cycle10_2_110,12,6050,sabre,1,2648,7016,4368,3386,7516,1237,0.114275,0.157913,10418
cycle10_2_110,12,6050,basic,1,2648,6587,3939,3386,7012,1238,0.114917,1.133396,9989
cycle10_2_110,12,6050,lookahead,-1,2648,-1,-1,3386,-1,1238,0.114917,-1.000000,-1
cycle10_2_110,12,6050,stochastic,1,2648,8966,6318,3386,7406,1238,0.114917,1.513726,12368
cycle10_2_110,12,6050,sabre,1,2648,6785,4137,3386,7360,1238,0.114917,0.155104,10187
cycle10_2_110,12,6050,basic,1,2648,5990,3342,3386,6722,1239,0.139901,1.082732,9392
cycle10_2_110,12,6050,lookahead,-1,2648,-1,-1,3386,-1,1239,0.139901,-1.000000,-1
cycle10_2_110,12,6050,stochastic,1,2648,8795,6147,3386,7250,1239,0.139901,1.490328,12197
cycle10_2_110,12,6050,sabre,1,2648,6842,4194,3386,7409,1239,0.139901,0.154909,10244
cycle10_2_110,12,6050,basic,1,2648,6875,4227,3386,7321,1240,0.141381,1.113975,10277
cycle10_2_110,12,6050,lookahead,-1,2648,-1,-1,3386,-1,1240,0.141381,-1.000000,-1
cycle10_2_110,12,6050,stochastic,1,2648,8849,6201,3386,7223,1240,0.141381,1.458452,12251
cycle10_2_110,12,6050,sabre,1,2648,7130,4482,3386,7668,1240,0.141381,0.182616,10532
cycle10_2_110,12,6050,basic,1,2648,6422,3774,3386,6977,1241,0.116153,1.123455,9824
cycle10_2_110,12,6050,lookahead,-1,2648,-1,-1,3386,-1,1241,0.116153,-1.000000,-1
cycle10_2_110,12,6050,stochastic,1,2648,8642,5994,3386,7225,1241,0.116153,1.384577,12044
cycle10_2_110,12,6050,sabre,1,2648,6938,4290,3386,7505,1241,0.116153,0.180283,10340
cycle10_2_110,12,6050,basic,1,2648,6107,3459,3386,6682,1242,0.128571,1.113251,9509
cycle10_2_110,12,6050,lookahead,-1,2648,-1,-1,3386,-1,1242,0.128571,-1.000000,-1
cycle10_2_110,12,6050,stochastic,1,2648,8516,5868,3386,7085,1242,0.128571,1.452410,11918
cycle10_2_110,12,6050,sabre,1,2648,7058,4410,3386,7476,1242,0.128571,0.158054,10460
cycle10_2_110,12,6050,basic,1,2648,6515,3867,3386,6993,1243,0.114445,1.128035,9917
cycle10_2_110,12,6050,lookahead,-1,2648,-1,-1,3386,-1,1243,0.114445,-1.000000,-1
cycle10_2_110,12,6050,stochastic,1,2648,8891,6243,3386,7375,1243,0.114445,1.502105,12293
cycle10_2_110,12,6050,sabre,1,2648,6965,4317,3386,7553,1243,0.114445,0.155349,10367
misex1_241,15,4813,basic,1,2100,4464,2364,2676,5031,1234,0.106300,0.849872,7177
misex1_241,15,4813,lookahead,-1,2100,-1,-1,2676,-1,1234,0.106300,-1.000000,-1
misex1_241,15,4813,stochastic,1,2100,6198,4098,2676,5264,1234,0.106300,1.148365,8911
misex1_241,15,4813,sabre,1,2100,5391,3291,2676,6004,1234,0.106300,0.127343,8104
misex1_241,15,4813,basic,1,2100,4494,2394,2676,4933,1235,0.084281,0.874190,7207
misex1_241,15,4813,lookahead,-1,2100,-1,-1,2676,-1,1235,0.084281,-1.000000,-1
misex1_241,15,4813,stochastic,1,2100,6117,4017,2676,5308,1235,0.084281,1.156604,8830
misex1_241,15,4813,sabre,1,2100,5229,3129,2676,5703,1235,0.084281,0.123699,7942
misex1_241,15,4813,basic,1,2100,4428,2328,2676,4998,1236,0.083642,0.873429,7141
misex1_241,15,4813,lookahead,-1,2100,-1,-1,2676,-1,1236,0.083642,-1.000000,-1
misex1_241,15,4813,stochastic,1,2100,6543,4443,2676,5611,1236,0.083642,1.097500,9256
misex1_241,15,4813,sabre,1,2100,4998,2898,2676,5424,1236,0.083642,0.120758,7711
misex1_241,15,4813,basic,1,2100,4527,2427,2676,5169,1237,0.107526,0.850175,7240
misex1_241,15,4813,lookahead,-1,2100,-1,-1,2676,-1,1237,0.107526,-1.000000,-1
misex1_241,15,4813,stochastic,1,2100,6672,4572,2676,5653,1237,0.107526,1.191536,9385
misex1_241,15,4813,sabre,1,2100,4974,2874,2676,5467,1237,0.107526,0.120768,7687
misex1_241,15,4813,basic,1,2100,4344,2244,2676,4874,1238,0.085920,0.847330,7057
misex1_241,15,4813,lookahead,-1,2100,-1,-1,2676,-1,1238,0.085920,-1.000000,-1
misex1_241,15,4813,stochastic,1,2100,6879,4779,2676,5729,1238,0.085920,1.165265,9592
misex1_241,15,4813,sabre,1,2100,5067,2967,2676,5604,1238,0.085920,0.122188,7780
misex1_241,15,4813,basic,1,2100,3948,1848,2676,4416,1239,0.107358,0.829158,6661
misex1_241,15,4813,lookahead,-1,2100,-1,-1,2676,-1,1239,0.107358,-1.000000,-1
misex1_241,15,4813,stochastic,1,2100,6408,4308,2676,5386,1239,0.107358,1.168703,9121
misex1_241,15,4813,sabre,1,2100,4995,2895,2676,5571,1239,0.107358,0.122399,7708
misex1_241,15,4813,basic,1,2100,4557,2457,2676,5055,1240,0.085252,0.854366,7270
misex1_241,15,4813,lookahead,-1,2100,-1,-1,2676,-1,1240,0.085252,-1.000000,-1
misex1_241,15,4813,stochastic,1,2100,7017,4917,2676,5912,1240,0.085252,1.179929,9730
misex1_241,15,4813,sabre,1,2100,4830,2730,2676,5368,1240,0.085252,0.120641,7543
misex1_241,15,4813,basic,1,2100,3945,1845,2676,4489,1241,0.084729,0.849791,6658
misex1_241,15,4813,lookahead,-1,2100,-1,-1,2676,-1,1241,0.084729,-1.000000,-1
misex1_241,15,4813,stochastic,1,2100,6888,4788,2676,5722,1241,0.084729,1.154226,9601
misex1_241,15,4813,sabre,1,2100,5214,3114,2676,5770,1241,0.084729,0.123475,7927
misex1_241,15,4813,basic,1,2100,4365,2265,2676,4878,1242,0.084304,0.872230,7078
misex1_241,15,4813,lookahead,-1,2100,-1,-1,2676,-1,1242,0.084304,-1.000000,-1
misex1_241,15,4813,stochastic,1,2100,6456,4356,2676,5529,1242,0.084304,1.105337,9169
misex1_241,15,4813,sabre,1,2100,5316,3216,2676,5845,1242,0.084304,0.123751,8029
misex1_241,15,4813,basic,1,2100,4302,2202,2676,4820,1243,0.081173,0.869804,7015
misex1_241,15,4813,lookahead,-1,2100,-1,-1,2676,-1,1243,0.081173,-1.000000,-1
misex1_241,15,4813,stochastic,1,2100,7041,4941,2676,5824,1243,0.081173,1.135716,9754
misex1_241,15,4813,sabre,1,2100,4944,2844,2676,5451,1243,0.081173,0.120572,7657
ising_model_16,16,786,basic,1,150,165,15,71,123,1234,0.009140,0.138367,801
ising_model_16,16,786,lookahead,1,150,165,15,71,130,1234,0.009140,0.200658,801
ising_model_16,16,786,stochastic,1,150,198,48,71,89,1234,0.009140,0.048650,834
ising_model_16,16,786,sabre,1,150,159,9,71,130,1234,0.009140,0.028016,795
ising_model_16,16,786,basic,1,150,246,96,71,272,1235,0.008966,0.140490,882
ising_model_16,16,786,lookahead,1,150,165,15,71,172,1235,0.008966,0.191931,801
ising_model_16,16,786,stochastic,1,150,417,267,71,156,1235,0.008966,0.055438,1053
ising_model_16,16,786,sabre,1,150,159,9,71,163,1235,0.008966,0.027838,795
ising_model_16,16,786,basic,1,150,282,132,71,307,1236,0.009212,0.161136,918
ising_model_16,16,786,lookahead,1,150,159,9,71,139,1236,0.009212,0.161530,795
ising_model_16,16,786,stochastic,1,150,435,285,71,176,1236,0.009212,0.075390,1071
ising_model_16,16,786,sabre,1,150,159,9,71,198,1236,0.009212,0.028243,795
ising_model_16,16,786,basic,1,150,198,48,71,182,1237,0.008850,0.139019,834
ising_model_16,16,786,lookahead,1,150,159,9,71,116,1237,0.008850,0.190105,795
ising_model_16,16,786,stochastic,1,150,327,177,71,147,1237,0.008850,0.053199,963
ising_model_16,16,786,sabre,1,150,159,9,71,116,1237,0.008850,0.027966,795
ising_model_16,16,786,basic,1,150,276,126,71,267,1238,0.008710,0.141089,912
ising_model_16,16,786,lookahead,1,150,165,15,71,121,1238,0.008710,0.191536,801
ising_model_16,16,786,stochastic,1,150,462,312,71,169,1238,0.008710,0.055353,1098
ising_model_16,16,786,sabre,1,150,165,15,71,124,1238,0.008710,0.028428,801
ising_model_16,16,786,basic,1,150,273,123,71,320,1239,0.008881,0.142359,909
ising_model_16,16,786,lookahead,1,150,180,30,71,142,1239,0.008881,0.203682,816
ising_model_16,16,786,stochastic,1,150,366,216,71,134,1239,0.008881,0.053134,1002
ising_model_16,16,786,sabre,1,150,186,36,71,181,1239,0.008881,0.047535,822
ising_model_16,16,786,basic,1,150,150,0,71,71,1240,0.008961,0.024290,786
ising_model_16,16,786,lookahead,1,150,150,0,71,71,1240,0.008961,0.023836,786
ising_model_16,16,786,stochastic,1,150,150,0,71,71,1240,0.008961,0.023937,786
ising_model_16,16,786,sabre,1,150,150,0,71,71,1240,0.008961,0.024351,786
ising_model_16,16,786,basic,1,150,171,21,71,183,1241,0.008941,0.138005,807
ising_model_16,16,786,lookahead,1,150,159,9,71,197,1241,0.008941,0.189353,795
ising_model_16,16,786,stochastic,1,150,369,219,71,138,1241,0.008941,0.053797,1005
ising_model_16,16,786,sabre,1,150,162,12,71,222,1241,0.008941,0.028243,798
ising_model_16,16,786,basic,1,150,246,96,71,203,1242,0.008866,0.139670,882
ising_model_16,16,786,lookahead,1,150,156,6,71,132,1242,0.008866,0.183666,792
ising_model_16,16,786,stochastic,1,150,255,105,71,113,1242,0.008866,0.050991,891
ising_model_16,16,786,sabre,1,150,153,3,71,132,1242,0.008866,0.028029,789
ising_model_16,16,786,basic,1,150,237,87,71,233,1243,0.027919,0.141033,873
ising_model_16,16,786,lookahead,1,150,168,18,71,142,1243,0.027919,0.174767,804
ising_model_16,16,786,stochastic,1,150,462,312,71,182,1243,0.027919,0.074776,1098
ising_model_16,16,786,sabre,1,150,165,15,71,149,1243,0.027919,0.028262,801
